epoch,accuracy,loss,val_accuracy,val_loss
0,0.025257421657443047,3.6389858722686768,0.006628613453358412,3.642491340637207
1,0.02561931498348713,3.6379804611206055,0.03387958183884621,3.6368794441223145
