epoch,accuracy,loss,val_accuracy,val_loss
0,0.732984185218811,0.8623207211494446,0.5225557088851929,1.772552251815796
1,0.7954278588294983,0.6329174041748047,0.5522003173828125,1.6623785495758057
