epoch,accuracy,loss,val_accuracy,val_loss
0,0.025646628811955452,3.6387438774108887,0.021911250427365303,3.634878635406494
1,0.024840904399752617,3.6379923820495605,0.004971459973603487,3.6353330612182617
