epoch,accuracy,loss,val_accuracy,val_loss
0,0.7245240807533264,0.8831191062927246,0.5159270763397217,2.467224597930908
1,0.7958170771598816,0.6287915110588074,0.4923586845397949,2.831094741821289
