epoch,accuracy,loss,val_accuracy,val_loss
0,0.6482670307159424,1.1377326250076294,0.44595837593078613,2.0298328399658203
1,0.702400803565979,0.9392533302307129,0.4129994511604309,2.260047674179077
