epoch,accuracy,loss,val_accuracy,val_loss
0,0.7180646061897278,0.9063729047775269,0.5275271534919739,1.8915743827819824
1,0.786646842956543,0.6575881242752075,0.5514638423919678,2.048356533050537
